"0","X
"
"1","         "
"1","          [,1]"
"1","
     [1,]"
"1"," -3.872525e-03"
"1","
     [2,]"
"1","  1.747021e-02"
"1","
     [3,]"
"1","  1.102527e-02"
"1","
     [4,]"
"1","  1.137257e-02"
"1","
     [5,]"
"1","  2.839895e-02"
"1","
     [6,]"
"1"," -6.079699e-02"
"1","
     [7,]"
"1","  8.277084e-03"
"1","
     [8,]"
"1","  2.895275e-02"
"1","
     [9,]"
"1","  4.355069e-04"
"1","
    [10,]"
"1","  5.470624e-02"
"1","
    [11,]"
"1"," -3.422232e-02"
"1","
    [12,]"
"1"," -8.627490e-03"
"1","
    [13,]"
"1","  5.755200e-03"
"1","
    [14,]"
"1","  4.770428e-02"
"1","
    [15,]"
"1","  5.073780e-02"
"1","
    [16,]"
"1"," -5.823257e-02"
"1","
    [17,]"
"1","  5.133358e-02"
"1","
    [18,]"
"1","  4.154886e-03"
"1","
    [19,]"
"1","  4.683721e-02"
"1","
    [20,]"
"1","  4.785533e-02"
"1","
    [21,]"
"1"," -2.980267e-02"
"1","
    [22,]"
"1"," -5.871876e-03"
"1","
    [23,]"
"1"," -3.482062e-02"
"1","
    [24,]"
"1","  3.820396e-02"
"1","
    [25,]"
"1"," -5.138507e-02"
"1","
    [26,]"
"1","  3.332356e-03"
"1","
    [27,]"
"1"," -4.602516e-02"
"1","
    [28,]"
"1"," -1.119497e-02"
"1","
    [29,]"
"1"," -2.963055e-03"
"1","
    [30,]"
"1","  3.480620e-02"
"1","
    [31,]"
"1"," -6.210160e-02"
"1","
    [32,]"
"1"," -4.578802e-02"
"1","
    [33,]"
"1","  3.223763e-02"
"1","
    [34,]"
"1"," -4.494915e-02"
"1","
    [35,]"
"1"," -1.911698e-02"
"1","
    [36,]"
"1"," -5.007384e-02"
"1","
    [37,]"
"1"," -4.066475e-02"
"1","
    [38,]"
"1"," -4.600118e-02"
"1","
    [39,]"
"1"," -2.753431e-03"
"1","
    [40,]"
"1","  1.596117e-02"
"1","
    [41,]"
"1","  3.680534e-03"
"1","
    [42,]"
"1","  5.566285e-02"
"1","
    [43,]"
"1"," -1.091354e-02"
"1","
    [44,]"
"1","  6.704029e-02"
"1","
    [45,]"
"1"," -1.087112e-03"
"1","
    [46,]"
"1"," -2.505011e-02"
"1","
    [47,]"
"1","  4.665989e-02"
"1","
    [48,]"
"1"," -2.294413e-02"
"1","
    [49,]"
"1","  9.878293e-03"
"1","
    [50,]"
"1","  2.188183e-02"
"1","
    [51,]"
"1"," -1.582058e-02"
"1","
    [52,]"
"1"," -7.133685e-02"
"1","
    [53,]"
"1","  1.383222e-03"
"1","
    [54,]"
"1"," -1.166305e-02"
"1","
    [55,]"
"1"," -3.036490e-02"
"1","
    [56,]"
"1","  3.281379e-03"
"1","
    [57,]"
"1","  1.351207e-02"
"1","
    [58,]"
"1"," -5.391100e-03"
"1","
    [59,]"
"1"," -4.898812e-02"
"1","
    [60,]"
"1"," -4.761125e-02"
"1","
    [61,]"
"1","  5.073411e-04"
"1","
    [62,]"
"1"," -5.861734e-03"
"1","
    [63,]"
"1","  1.239402e-02"
"1","
    [64,]"
"1"," -2.392930e-02"
"1","
    [65,]"
"1","  7.318067e-03"
"1","
    [66,]"
"1"," -3.110459e-02"
"1","
    [67,]"
"1","  1.786942e-02"
"1","
    [68,]"
"1","  5.112618e-02"
"1","
    [69,]"
"1"," -7.967806e-03"
"1","
    [70,]"
"1"," -3.338981e-02"
"1","
    [71,]"
"1"," -1.101206e-02"
"1","
    [72,]"
"1"," -1.359462e-03"
"1","
    [73,]"
"1"," -4.419454e-02"
"1","
    [74,]"
"1","  4.712478e-02"
"1","
    [75,]"
"1"," -3.286831e-02"
"1","
    [76,]"
"1"," -7.492860e-03"
"1","
    [77,]"
"1"," -3.159563e-02"
"1","
    [78,]"
"1"," -4.403606e-02"
"1","
    [79,]"
"1","  3.105373e-02"
"1","
    [80,]"
"1","  1.141395e-02"
"1","
    [81,]"
"1"," -1.067298e-02"
"1","
    [82,]"
"1"," -2.034570e-02"
"1","
    [83,]"
"1"," -6.852293e-02"
"1","
    [84,]"
"1","  2.002636e-02"
"1","
    [85,]"
"1"," -4.582588e-03"
"1","
    [86,]"
"1"," -3.921310e-02"
"1","
    [87,]"
"1","  1.688528e-02"
"1","
    [88,]"
"1"," -5.022534e-02"
"1","
    [89,]"
"1"," -3.133705e-02"
"1","
    [90,]"
"1","  1.528205e-02"
"1","
    [91,]"
"1","  2.563400e-02"
"1","
    [92,]"
"1"," -9.286489e-03"
"1","
    [93,]"
"1"," -1.690500e-03"
"1","
    [94,]"
"1","  2.324858e-02"
"1","
    [95,]"
"1","  4.738671e-04"
"1","
    [96,]"
"1"," -3.858037e-03"
"1","
    [97,]"
"1"," -2.045278e-02"
"1","
    [98,]"
"1"," -2.744409e-02"
"1","
    [99,]"
"1"," -1.608652e-02"
"1","
   [100,]"
"1"," -6.569899e-02"
"1","
   [101,]"
"1"," -8.232562e-03"
"1","
   [102,]"
"1","  1.424100e-02"
"1","
   [103,]"
"1"," -4.518314e-03"
"1","
   [104,]"
"1"," -1.539148e-02"
"1","
   [105,]"
"1"," -3.781367e-02"
"1","
   [106,]"
"1","  1.484404e-03"
"1","
   [107,]"
"1"," -4.001283e-03"
"1","
   [108,]"
"1"," -8.540411e-02"
"1","
   [109,]"
"1"," -1.805070e-02"
"1","
   [110,]"
"1","  1.870796e-02"
"1","
   [111,]"
"1","  1.539956e-02"
"1","
   [112,]"
"1"," -4.009765e-03"
"1","
   [113,]"
"1"," -3.981940e-02"
"1","
   [114,]"
"1","  6.365411e-03"
"1","
   [115,]"
"1"," -6.061784e-02"
"1","
   [116,]"
"1","  5.289666e-02"
"1","
   [117,]"
"1","  1.488767e-02"
"1","
   [118,]"
"1","  4.471824e-02"
"1","
   [119,]"
"1","  2.665755e-03"
"1","
   [120,]"
"1"," -5.699384e-02"
"1","
   [121,]"
"1","  2.383547e-02"
"1","
   [122,]"
"1"," -9.864507e-03"
"1","
   [123,]"
"1"," -5.478837e-02"
"1","
   [124,]"
"1"," -6.762729e-02"
"1","
   [125,]"
"1","  7.481311e-02"
"1","
   [126,]"
"1","  1.532935e-02"
"1","
   [127,]"
"1","  3.457121e-02"
"1","
   [128,]"
"1","  9.578805e-03"
"1","
   [129,]"
"1","  3.210659e-02"
"1","
   [130,]"
"1","  7.758942e-02"
"1","
   [131,]"
"1"," -7.767212e-03"
"1","
   [132,]"
"1","  1.712435e-02"
"1","
   [133,]"
"1","  6.225785e-03"
"1","
   [134,]"
"1"," -6.549590e-02"
"1","
   [135,]"
"1","  1.620931e-02"
"1","
   [136,]"
"1"," -1.283132e-02"
"1","
   [137,]"
"1","  1.126397e-02"
"1","
   [138,]"
"1"," -1.048519e-02"
"1","
   [139,]"
"1","  2.548516e-03"
"1","
   [140,]"
"1"," -8.270384e-03"
"1","
   [141,]"
"1"," -2.774741e-02"
"1","
   [142,]"
"1","  2.344224e-02"
"1","
   [143,]"
"1"," -8.484275e-02"
"1","
   [144,]"
"1"," -3.002515e-02"
"1","
   [145,]"
"1","  1.411204e-02"
"1","
   [146,]"
"1"," -4.075637e-02"
"1","
   [147,]"
"1"," -4.990247e-03"
"1","
   [148,]"
"1","  1.099890e-02"
"1","
   [149,]"
"1"," -1.885428e-03"
"1","
   [150,]"
"1","  4.669826e-02"
"1","
   [151,]"
"1"," -2.068650e-02"
"1","
   [152,]"
"1"," -8.121198e-03"
"1","
   [153,]"
"1"," -3.965616e-02"
"1","
   [154,]"
"1","  2.438253e-02"
"1","
   [155,]"
"1"," -2.881948e-02"
"1","
   [156,]"
"1"," -2.192424e-02"
"1","
   [157,]"
"1"," -1.953239e-02"
"1","
   [158,]"
"1","  2.410045e-02"
"1","
   [159,]"
"1"," -3.437897e-02"
"1","
   [160,]"
"1"," -1.264277e-02"
"1","
   [161,]"
"1","  2.617722e-02"
"1","
   [162,]"
"1","  1.123936e-02"
"1","
   [163,]"
"1","  5.032410e-03"
"1","
   [164,]"
"1","  3.021225e-02"
"1","
   [165,]"
"1"," -1.074043e-02"
"1","
   [166,]"
"1"," -2.300182e-02"
"1","
   [167,]"
"1"," -5.368935e-02"
"1","
   [168,]"
"1","  6.179528e-02"
"1","
   [169,]"
"1","  8.432966e-02"
"1","
   [170,]"
"1","  6.524979e-02"
"1","
   [171,]"
"1","  2.589220e-02"
"1","
   [172,]"
"1"," -2.518758e-03"
"1","
   [173,]"
"1"," -1.547775e-02"
"1","
   [174,]"
"1","  2.680722e-02"
"1","
   [175,]"
"1"," -3.032766e-02"
"1","
   [176,]"
"1","  2.936767e-02"
"1","
   [177,]"
"1","  1.204717e-02"
"1","
   [178,]"
"1","  4.726352e-02"
"1","
   [179,]"
"1"," -1.479011e-02"
"1","
   [180,]"
"1","  8.258519e-03"
"1","
   [181,]"
"1"," -3.138904e-02"
"1","
   [182,]"
"1"," -3.362706e-02"
"1","
   [183,]"
"1","  8.673643e-03"
"1","
   [184,]"
"1","  2.989436e-02"
"1","
   [185,]"
"1","  2.296412e-02"
"1","
   [186,]"
"1"," -8.048397e-03"
"1","
   [187,]"
"1","  4.696552e-02"
"1","
   [188,]"
"1","  7.282288e-03"
"1","
   [189,]"
"1","  8.791216e-03"
"1","
   [190,]"
"1","  4.649837e-03"
"1","
   [191,]"
"1"," -3.782999e-02"
"1","
   [192,]"
"1","  2.850359e-03"
"1","
   [193,]"
"1","  3.855670e-02"
"1","
   [194,]"
"1"," -1.775595e-02"
"1","
   [195,]"
"1","  1.065314e-02"
"1","
   [196,]"
"1"," -4.859789e-02"
"1","
   [197,]"
"1"," -7.593568e-03"
"1","
   [198,]"
"1","  1.628148e-02"
"1","
   [199,]"
"1"," -7.553265e-03"
"1","
   [200,]"
"1","  1.839872e-02"
"1","
   [201,]"
"1","  8.544325e-03"
"1","
   [202,]"
"1"," -4.247730e-02"
"1","
   [203,]"
"1"," -2.684423e-02"
"1","
   [204,]"
"1"," -1.288969e-02"
"1","
   [205,]"
"1"," -2.106553e-02"
"1","
   [206,]"
"1"," -3.264653e-03"
"1","
   [207,]"
"1"," -2.922106e-02"
"1","
   [208,]"
"1","  1.386973e-02"
"1","
   [209,]"
"1"," -3.826359e-04"
"1","
   [210,]"
"1"," -2.042549e-02"
"1","
   [211,]"
"1","  4.250565e-02"
"1","
   [212,]"
"1","  1.058103e-02"
"1","
   [213,]"
"1","  9.150663e-05"
"1","
   [214,]"
"1","  3.468870e-02"
"1","
   [215,]"
"1","  3.678585e-02"
"1","
   [216,]"
"1","  3.187144e-03"
"1","
   [217,]"
"1"," -1.238830e-02"
"1","
   [218,]"
"1"," -1.299915e-02"
"1","
   [219,]"
"1"," -2.888998e-02"
"1","
   [220,]"
"1"," -1.708873e-02"
"1","
   [221,]"
"1","  3.837813e-03"
"1","
   [222,]"
"1","  5.463586e-02"
"1","
   [223,]"
"1"," -1.397460e-03"
"1","
   [224,]"
"1","  1.722943e-02"
"1","
   [225,]"
"1","  6.063199e-02"
"1","
   [226,]"
"1"," -7.481004e-03"
"1","
   [227,]"
"1","  4.969909e-02"
"1","
   [228,]"
"1","  1.520581e-02"
"1","
   [229,]"
"1","  1.347040e-03"
"1","
   [230,]"
"1","  1.390844e-02"
"1","
   [231,]"
"1"," -5.946868e-02"
"1","
   [232,]"
"1"," -5.451988e-02"
"1","
   [233,]"
"1","  5.955101e-02"
"1","
   [234,]"
"1"," -9.893930e-04"
"1","
   [235,]"
"1","  3.159254e-02"
"1","
   [236,]"
"1","  9.496930e-03"
"1","
   [237,]"
"1"," -1.642364e-04"
"1","
   [238,]"
"1"," -7.599089e-03"
"1","
   [239,]"
"1"," -5.600341e-02"
"1","
   [240,]"
"1"," -4.939455e-03"
"1","
   [241,]"
"1","  6.056921e-02"
"1","
   [242,]"
"1","  3.510506e-02"
"1","
   [243,]"
"1"," -6.279363e-02"
"1","
   [244,]"
"1","  2.575251e-02"
"1","
   [245,]"
"1","  3.472976e-02"
"1","
   [246,]"
"1"," -4.555875e-02"
"1","
   [247,]"
"1","  3.842919e-02"
"1","
   [248,]"
"1"," -2.475700e-02"
"1","
   [249,]"
"1"," -6.536700e-02"
"1","
   [250,]"
"1","  1.057322e-02"
"1","
   [251,]"
"1","  8.251594e-03"
"1","
   [252,]"
"1"," -1.373510e-02"
"1","
   [253,]"
"1"," -5.922970e-02"
"1","
   [254,]"
"1"," -2.539450e-02"
"1","
   [255,]"
"1","  1.050895e-02"
"1","
   [256,]"
"1","  3.830354e-04"
"1","
   [257,]"
"1","  2.688272e-02"
"1","
   [258,]"
"1"," -4.841029e-02"
"1","
   [259,]"
"1"," -9.979601e-04"
"1","
   [260,]"
"1","  4.514594e-02"
"1","
   [261,]"
"1"," -2.931527e-02"
"1","
   [262,]"
"1","  3.180014e-02"
"1","
   [263,]"
"1"," -2.718213e-03"
"1","
   [264,]"
"1","  2.966295e-02"
"1","
   [265,]"
"1"," -1.638995e-02"
"1","
   [266,]"
"1"," -2.955201e-02"
"1","
   [267,]"
"1","  3.894615e-02"
"1","
   [268,]"
"1"," -7.576561e-03"
"1","
   [269,]"
"1","  8.639003e-03"
"1","
   [270,]"
"1","  4.524666e-02"
"1","
   [271,]"
"1"," -3.608214e-02"
"1","
   [272,]"
"1","  2.833422e-02"
"1","
   [273,]"
"1","  2.619565e-03"
"1","
   [274,]"
"1","  1.107028e-02"
"1","
   [275,]"
"1"," -3.979066e-02"
"1","
   [276,]"
"1","  2.655321e-02"
"1","
   [277,]"
"1"," -3.979475e-02"
"1","
   [278,]"
"1","  4.841880e-03"
"1","
   [279,]"
"1"," -1.529597e-02"
"1","
   [280,]"
"1","  6.991335e-02"
"1","
   [281,]"
"1","  2.555893e-03"
"1","
   [282,]"
"1","  2.264527e-02"
"1","
   [283,]"
"1","  3.334482e-02"
"1","
   [284,]"
"1","  8.733252e-03"
"1","
   [285,]"
"1"," -1.328989e-02"
"1","
   [286,]"
"1","  7.976853e-02"
"1","
   [287,]"
"1","  6.376801e-05"
"1","
   [288,]"
"1"," -4.940246e-02"
"1","
   [289,]"
"1"," -6.285925e-02"
"1","
   [290,]"
"1"," -4.718289e-02"
"1","
   [291,]"
"1","  8.071442e-03"
"1","
   [292,]"
"1"," -2.575666e-02"
"1","
   [293,]"
"1","  2.636928e-02"
"1","
   [294,]"
"1"," -3.644520e-02"
"1","
   [295,]"
"1"," -4.441409e-03"
"1","
   [296,]"
"1","  3.719084e-02"
"1","
   [297,]"
"1","  5.911729e-03"
"1","
   [298,]"
"1"," -2.197069e-02"
"1","
   [299,]"
"1"," -1.452886e-02"
"1","
   [300,]"
"1"," -1.502099e-02"
"1","
   [301,]"
"1","  3.813888e-02"
"1","
   [302,]"
"1","  3.143653e-02"
"1","
   [303,]"
"1","  4.867244e-02"
"1","
   [304,]"
"1","  9.229011e-03"
"1","
   [305,]"
"1","  1.614496e-02"
"1","
   [306,]"
"1"," -1.710523e-02"
"1","
   [307,]"
"1"," -2.131103e-02"
"1","
   [308,]"
"1","  2.150827e-02"
"1","
   [309,]"
"1","  5.904440e-03"
"1","
   [310,]"
"1"," -4.381435e-02"
"1","
   [311,]"
"1"," -3.343458e-02"
"1","
   [312,]"
"1","  1.183446e-02"
"1","
   [313,]"
"1"," -3.170237e-02"
"1","
   [314,]"
"1"," -1.349162e-03"
"1","
   [315,]"
"1"," -1.816105e-04"
"1","
   [316,]"
"1"," -3.293811e-02"
"1","
   [317,]"
"1"," -1.028472e-02"
"1","
   [318,]"
"1"," -1.924445e-02"
"1","
   [319,]"
"1","  4.798015e-02"
"1","
   [320,]"
"1","  9.375063e-03"
"1","
   [321,]"
"1","  1.263948e-02"
"1","
   [322,]"
"1","  2.366964e-02"
"1","
   [323,]"
"1"," -2.785093e-03"
"1","
   [324,]"
"1"," -3.432934e-02"
"1","
   [325,]"
"1"," -2.697022e-03"
"1","
   [326,]"
"1","  1.472046e-02"
"1","
   [327,]"
"1"," -9.139796e-07"
"1","
   [328,]"
"1","  1.948956e-02"
"1","
   [329,]"
"1"," -2.061964e-02"
"1","
   [330,]"
"1","  1.414302e-02"
"1","
   [331,]"
"1"," -5.773748e-03"
"1","
   [332,]"
"1"," -2.550189e-02"
"1","
   [333,]"
"1"," -5.722302e-02"
"1","
   [334,]"
"1"," -2.464852e-02"
"1","
   [335,]"
"1"," -6.287643e-02"
"1","
   [336,]"
"1","  3.153536e-02"
"1","
   [337,]"
"1"," -3.295478e-02"
"1","
   [338,]"
"1","  6.475185e-03"
"1","
   [339,]"
"1","  8.927287e-03"
"1","
   [340,]"
"1","  5.059168e-03"
"1","
   [341,]"
"1"," -5.016275e-02"
"1","
   [342,]"
"1","  1.724473e-02"
"1","
   [343,]"
"1"," -4.321368e-02"
"1","
   [344,]"
"1"," -3.529254e-02"
"1","
   [345,]"
"1","  5.137827e-03"
"1","
   [346,]"
"1","  4.780255e-02"
"1","
   [347,]"
"1"," -1.103892e-02"
"1","
   [348,]"
"1"," -6.230452e-02"
"1","
   [349,]"
"1"," -2.679712e-02"
"1","
   [350,]"
"1"," -5.598312e-02"
"1","
   [351,]"
"1","  3.445844e-02"
"1","
   [352,]"
"1"," -4.434883e-02"
"1","
   [353,]"
"1","  2.957460e-02"
"1","
   [354,]"
"1"," -3.792403e-04"
"1","
   [355,]"
"1","  8.224681e-03"
"1","
   [356,]"
"1","  3.639449e-02"
"1","
   [357,]"
"1","  3.692130e-02"
"1","
   [358,]"
"1"," -3.757797e-02"
"1","
   [359,]"
"1","  6.974278e-03"
"1","
   [360,]"
"1","  3.586977e-02"
"1","
   [361,]"
"1","  1.615830e-02"
"1","
   [362,]"
"1"," -4.734417e-02"
"1","
   [363,]"
"1"," -3.534020e-02"
"1","
   [364,]"
"1"," -2.396548e-02"
"1","
   [365,]"
"1"," -2.455297e-02"
"1","
   [366,]"
"1"," -8.335692e-03"
"1","
   [367,]"
"1"," -3.791061e-02"
"1","
   [368,]"
"1"," -4.276565e-02"
"1","
   [369,]"
"1","  1.091884e-02"
"1","
   [370,]"
"1"," -2.891592e-02"
"1","
   [371,]"
"1","  1.207024e-02"
"1","
   [372,]"
"1"," -1.745318e-02"
"1","
   [373,]"
"1","  1.097378e-03"
"1","
   [374,]"
"1"," -1.684548e-02"
"1","
   [375,]"
"1","  3.015072e-02"
"1","
   [376,]"
"1","  2.200865e-02"
"1","
   [377,]"
"1"," -2.125849e-02"
"1","
   [378,]"
"1","  4.183676e-02"
"1","
   [379,]"
"1"," -1.098668e-02"
"1","
   [380,]"
"1"," -1.678645e-02"
"1","
   [381,]"
"1","  2.321185e-02"
"1","
   [382,]"
"1","  4.886309e-03"
"1","
   [383,]"
"1","  2.082766e-02"
"1","
   [384,]"
"1"," -2.959839e-02"
"1","
   [385,]"
"1"," -6.140457e-02"
"1","
   [386,]"
"1","  1.065246e-03"
"1","
   [387,]"
"1"," -1.408157e-02"
"1","
   [388,]"
"1","  3.723398e-02"
"1","
   [389,]"
"1"," -2.439955e-03"
"1","
   [390,]"
"1","  1.742877e-02"
"1","
   [391,]"
"1"," -1.429279e-02"
"1","
   [392,]"
"1"," -4.348464e-02"
"1","
   [393,]"
"1","  1.552807e-04"
"1","
   [394,]"
"1","  2.852252e-02"
"1","
   [395,]"
"1"," -2.948938e-02"
"1","
   [396,]"
"1","  1.773565e-02"
"1","
   [397,]"
"1","  9.848064e-03"
"1","
   [398,]"
"1","  4.401988e-02"
"1","
   [399,]"
"1","  7.715461e-02"
"1","
   [400,]"
"1"," -5.833597e-03"
"1","
   [401,]"
"1"," -2.133134e-02"
"1","
   [402,]"
"1","  7.530225e-03"
"1","
   [403,]"
"1","  1.723713e-02"
"1","
   [404,]"
"1"," -1.419393e-02"
"1","
   [405,]"
"1","  3.071352e-02"
"1","
   [406,]"
"1"," -4.892562e-02"
"1","
   [407,]"
"1","  6.229601e-03"
"1","
   [408,]"
"1","  2.652324e-02"
"1","
   [409,]"
"1","  1.568194e-02"
"1","
   [410,]"
"1","  2.511577e-03"
"1","
   [411,]"
"1"," -3.343019e-02"
"1","
   [412,]"
"1"," -2.238259e-02"
"1","
   [413,]"
"1"," -4.311909e-02"
"1","
   [414,]"
"1","  1.978297e-02"
"1","
   [415,]"
"1"," -1.824827e-02"
"1","
   [416,]"
"1","  5.440036e-02"
"1","
   [417,]"
"1","  5.175380e-02"
"1","
   [418,]"
"1"," -6.304320e-03"
"1","
   [419,]"
"1","  1.675106e-02"
"1","
   [420,]"
"1"," -3.113201e-02"
"1","
   [421,]"
"1","  3.936115e-02"
"1","
   [422,]"
"1","  1.419434e-02"
"1","
   [423,]"
"1","  6.574919e-03"
"1","
   [424,]"
"1"," -5.000638e-02"
"1","
   [425,]"
"1","  2.726597e-02"
"1","
   [426,]"
"1","  4.140378e-02"
"1","
   [427,]"
"1","  2.809467e-02"
"1","
   [428,]"
"1","  3.810441e-02"
"1","
   [429,]"
"1","  6.667432e-02"
"1","
   [430,]"
"1","  5.752624e-02"
"1","
   [431,]"
"1","  5.997833e-02"
"1","
   [432,]"
"1","  3.019721e-02"
"1","
   [433,]"
"1"," -3.361873e-02"
"1","
   [434,]"
"1","  5.768801e-02"
"1","
   [435,]"
"1"," -1.194724e-02"
"1","
   [436,]"
"1","  4.700241e-02"
"1","
   [437,]"
"1"," -1.314961e-02"
"1","
   [438,]"
"1"," -1.040932e-02"
"1","
   [439,]"
"1"," -1.551929e-03"
"1","
   [440,]"
"1","  6.695655e-02"
"1","
   [441,]"
"1","  4.862938e-03"
"1","
   [442,]"
"1","  3.389339e-02"
"1","
   [443,]"
"1"," -3.508414e-02"
"1","
   [444,]"
"1","  2.256521e-03"
"1","
   [445,]"
"1","  6.680391e-03"
"1","
   [446,]"
"1","  1.729965e-02"
"1","
   [447,]"
"1","  1.273491e-02"
"1","
   [448,]"
"1","  2.208945e-02"
"1","
   [449,]"
"1","  5.794230e-03"
"1","
   [450,]"
"1","  6.244172e-02"
"1","
   [451,]"
"1","  3.771905e-02"
"1","
   [452,]"
"1"," -2.812464e-02"
"1","
   [453,]"
"1"," -1.265341e-02"
"1","
   [454,]"
"1"," -1.360029e-03"
"1","
   [455,]"
"1"," -5.752180e-04"
"1","
   [456,]"
"1"," -2.825294e-02"
"1","
   [457,]"
"1"," -3.319260e-02"
"1","
   [458,]"
"1","  1.144937e-02"
"1","
   [459,]"
"1","  2.771952e-02"
"1","
   [460,]"
"1","  7.057635e-02"
"1","
   [461,]"
"1","  5.024470e-02"
"1","
   [462,]"
"1","  1.841817e-02"
"1","
   [463,]"
"1"," -2.383447e-02"
"1","
   [464,]"
"1","  5.621728e-03"
"1","
   [465,]"
"1"," -3.480349e-02"
"1","
   [466,]"
"1"," -1.634237e-03"
"1","
   [467,]"
"1","  4.585463e-02"
"1","
   [468,]"
"1","  2.442259e-02"
"1","
   [469,]"
"1","  2.297540e-02"
"1","
   [470,]"
"1","  4.892766e-02"
"1","
   [471,]"
"1","  3.960561e-03"
"1","
   [472,]"
"1","  3.488627e-03"
"1","
   [473,]"
"1","  5.776127e-02"
"1","
   [474,]"
"1"," -6.590914e-03"
"1","
   [475,]"
"1"," -7.058209e-03"
"1","
   [476,]"
"1"," -6.240288e-02"
"1","
   [477,]"
"1","  1.278967e-02"
"1","
   [478,]"
"1"," -2.452382e-02"
"1","
   [479,]"
"1"," -7.457206e-03"
"1","
   [480,]"
"1","  6.031667e-02"
"1","
   [481,]"
"1","  6.780665e-03"
"1","
   [482,]"
"1"," -2.585502e-02"
"1","
   [483,]"
"1"," -4.119134e-02"
"1","
   [484,]"
"1"," -1.287309e-02"
"1","
   [485,]"
"1","  9.555144e-02"
"1","
   [486,]"
"1","  4.489837e-03"
"1","
   [487,]"
"1"," -2.382474e-02"
"1","
   [488,]"
"1","  3.684563e-02"
"1","
   [489,]"
"1","  1.842829e-02"
"1","
   [490,]"
"1"," -3.325359e-02"
"1","
   [491,]"
"1"," -1.637487e-02"
"1","
   [492,]"
"1"," -3.407422e-02"
"1","
   [493,]"
"1","  3.138116e-02"
"1","
   [494,]"
"1"," -4.423586e-04"
"1","
   [495,]"
"1"," -5.539239e-02"
"1","
   [496,]"
"1","  2.729893e-02"
"1","
   [497,]"
"1","  2.688723e-02"
"1","
   [498,]"
"1","  5.462482e-02"
"1","
   [499,]"
"1","  4.595285e-02"
"1","
   [500,]"
"1","  3.897469e-03"
"1","
   [501,]"
"1","  6.829944e-03"
"1","
   [502,]"
"1"," -4.403591e-02"
"1","
   [503,]"
"1"," -2.352045e-03"
"1","
   [504,]"
"1"," -3.592470e-02"
"1","
   [505,]"
"1"," -1.358233e-02"
"1","
   [506,]"
"1","  1.516552e-02"
"1","
   [507,]"
"1"," -2.191678e-02"
"1","
   [508,]"
"1"," -2.439339e-03"
"1","
   [509,]"
"1","  8.291657e-03"
"1","
   [510,]"
"1","  5.635604e-02"
"1","
   [511,]"
"1","  4.588868e-03"
"1","
   [512,]"
"1"," -1.998411e-02"
"1","
   [513,]"
"1"," -3.663907e-02"
"1","
   [514,]"
"1","  8.600432e-03"
"1","
   [515,]"
"1"," -3.241287e-02"
"1","
   [516,]"
"1"," -6.265042e-02"
"1","
   [517,]"
"1"," -2.897824e-02"
"1","
   [518,]"
"1"," -1.984132e-02"
"1","
   [519,]"
"1"," -2.080652e-02"
"1","
   [520,]"
"1","  9.941464e-02"
"1","
   [521,]"
"1"," -3.284336e-02"
"1","
   [522,]"
"1"," -4.262200e-02"
"1","
   [523,]"
"1","  1.846194e-02"
"1","
   [524,]"
"1"," -2.644762e-02"
"1","
   [525,]"
"1","  9.760075e-03"
"1","
   [526,]"
"1"," -3.976701e-02"
"1","
   [527,]"
"1","  4.258405e-02"
"1","
   [528,]"
"1","  3.650636e-02"
"1","
   [529,]"
"1","  8.050940e-02"
"1","
   [530,]"
"1","  4.372389e-02"
"1","
   [531,]"
"1"," -4.824259e-03"
"1","
   [532,]"
"1","  2.908090e-02"
"1","
   [533,]"
"1","  1.092375e-03"
"1","
   [534,]"
"1","  1.587221e-02"
"1","
   [535,]"
"1"," -1.262507e-02"
"1","
   [536,]"
"1","  3.102111e-02"
"1","
   [537,]"
"1"," -7.243310e-02"
"1","
   [538,]"
"1"," -3.824460e-02"
"1","
   [539,]"
"1"," -3.428314e-02"
"1","
   [540,]"
"1","  4.168494e-02"
"1","
   [541,]"
"1"," -1.127000e-02"
"1","
   [542,]"
"1"," -2.524827e-02"
"1","
   [543,]"
"1"," -1.678804e-02"
"1","
   [544,]"
"1"," -4.426461e-02"
"1","
   [545,]"
"1","  3.400478e-02"
"1","
   [546,]"
"1"," -2.055764e-04"
"1","
   [547,]"
"1"," -3.458163e-02"
"1","
   [548,]"
"1"," -4.614120e-02"
"1","
   [549,]"
"1","  2.535910e-02"
"1","
   [550,]"
"1"," -5.631555e-02"
"1","
   [551,]"
"1"," -3.471392e-02"
"1","
   [552,]"
"1","  2.890635e-02"
"1","
   [553,]"
"1"," -1.976497e-02"
"1","
   [554,]"
"1","  3.245086e-02"
"1","
   [555,]"
"1","  4.885554e-03"
"1","
   [556,]"
"1"," -2.257263e-02"
"1","
   [557,]"
"1","  1.878875e-03"
"1","
   [558,]"
"1"," -2.489831e-02"
"1","
   [559,]"
"1"," -1.882107e-02"
"1","
   [560,]"
"1"," -3.768757e-03"
"1","
   [561,]"
"1"," -1.560806e-02"
"1","
   [562,]"
"1","  6.813101e-03"
"1","
   [563,]"
"1","  3.239350e-02"
"1","
   [564,]"
"1","  3.278290e-02"
"1","
   [565,]"
"1"," -6.454050e-03"
"1","
   [566,]"
"1","  2.487856e-02"
"1","
   [567,]"
"1"," -5.111657e-02"
"1","
   [568,]"
"1"," -1.883157e-02"
"1","
   [569,]"
"1"," -1.248378e-04"
"1","
   [570,]"
"1"," -5.188546e-02"
"1","
   [571,]"
"1"," -4.937140e-02"
"1","
   [572,]"
"1","  2.391752e-02"
"1","
   [573,]"
"1","  3.270708e-02"
"1","
   [574,]"
"1","  1.418183e-02"
"1","
   [575,]"
"1"," -4.958782e-02"
"1","
   [576,]"
"1","  8.694668e-03"
"1","
   [577,]"
"1","  3.089428e-02"
"1","
   [578,]"
"1","  3.254680e-03"
"1","
   [579,]"
"1"," -1.249206e-02"
"1","
   [580,]"
"1","  5.752371e-02"
"1","
   [581,]"
"1"," -2.351836e-02"
"1","
   [582,]"
"1","  5.528901e-03"
"1","
   [583,]"
"1","  1.989269e-02"
"1","
   [584,]"
"1","  1.713560e-03"
"1","
   [585,]"
"1"," -9.206653e-02"
"1","
   [586,]"
"1"," -2.927479e-03"
"1","
   [587,]"
"1","  3.069010e-02"
"1","
   [588,]"
"1"," -2.018772e-02"
"1","
   [589,]"
"1"," -3.557086e-02"
"1","
   [590,]"
"1","  7.371437e-03"
"1","
   [591,]"
"1"," -2.144695e-02"
"1","
   [592,]"
"1"," -3.537856e-02"
"1","
   [593,]"
"1","  3.847028e-03"
"1","
   [594,]"
"1","  3.145160e-02"
"1","
   [595,]"
"1"," -1.640085e-02"
"1","
   [596,]"
"1"," -1.666396e-02"
"1","
   [597,]"
"1"," -1.379571e-02"
"1","
   [598,]"
"1","  1.272197e-02"
"1","
   [599,]"
"1","  2.954922e-02"
"1","
   [600,]"
"1"," -2.601582e-02"
"1","
   [601,]"
"1","  4.719950e-03"
"1","
   [602,]"
"1"," -9.877803e-03"
"1","
   [603,]"
"1"," -3.983171e-02"
"1","
   [604,]"
"1","  1.643793e-03"
"1","
   [605,]"
"1","  6.464557e-03"
"1","
   [606,]"
"1","  4.386023e-02"
"1","
   [607,]"
"1","  3.717512e-02"
"1","
   [608,]"
"1"," -4.718956e-02"
"1","
   [609,]"
"1","  3.552109e-02"
"1","
   [610,]"
"1"," -4.817574e-02"
"1","
   [611,]"
"1"," -4.972960e-02"
"1","
   [612,]"
"1"," -1.453497e-02"
"1","
   [613,]"
"1","  2.668248e-02"
"1","
   [614,]"
"1"," -4.402403e-02"
"1","
   [615,]"
"1"," -3.625755e-02"
"1","
   [616,]"
"1","  2.340247e-02"
"1","
   [617,]"
"1"," -4.518273e-02"
"1","
   [618,]"
"1"," -1.922207e-02"
"1","
   [619,]"
"1","  5.205382e-02"
"1","
   [620,]"
"1","  1.262086e-02"
"1","
   [621,]"
"1"," -3.280624e-02"
"1","
   [622,]"
"1"," -7.282062e-03"
"1","
   [623,]"
"1","  1.475760e-02"
"1","
   [624,]"
"1"," -3.309191e-02"
"1","
   [625,]"
"1"," -1.634657e-02"
"1","
   [626,]"
"1"," -1.417980e-02"
"1","
   [627,]"
"1"," -1.895597e-02"
"1","
   [628,]"
"1"," -2.514411e-03"
"1","
   [629,]"
"1","  2.306713e-02"
"1","
   [630,]"
"1"," -1.987056e-02"
"1","
   [631,]"
"1"," -1.181802e-02"
"1","
   [632,]"
"1"," -5.078781e-03"
"1","
   [633,]"
"1","  1.539616e-04"
"1","
   [634,]"
"1","  4.879273e-02"
"1","
   [635,]"
"1","  3.564462e-02"
"1","
   [636,]"
"1","  4.973682e-02"
"1","
   [637,]"
"1"," -3.343244e-03"
"1","
   [638,]"
"1"," -1.836257e-02"
"1","
   [639,]"
"1","  1.110428e-02"
"1","
   [640,]"
"1","  5.814481e-02"
"1","
   [641,]"
"1","  2.445961e-02"
"1","
   [642,]"
"1"," -1.163928e-02"
"1","
   [643,]"
"1","  7.652197e-03"
"1","
   [644,]"
"1","  1.236138e-02"
"1","
   [645,]"
"1","  1.371575e-02"
"1","
   [646,]"
"1"," -1.890398e-04"
"1","
   [647,]"
"1","  3.804992e-02"
"1","
   [648,]"
"1"," -2.141889e-02"
"1","
   [649,]"
"1","  1.119877e-02"
"1","
   [650,]"
"1"," -2.229872e-03"
"1","
   [651,]"
"1","  1.087207e-02"
"1","
   [652,]"
"1"," -7.920124e-03"
"1","
   [653,]"
"1"," -7.672515e-03"
"1","
   [654,]"
"1"," -2.176490e-02"
"1","
   [655,]"
"1","  1.248019e-02"
"1","
   [656,]"
"1"," -1.784934e-02"
"1","
   [657,]"
"1","  5.706856e-02"
"1","
   [658,]"
"1"," -1.988346e-02"
"1","
   [659,]"
"1"," -2.363408e-02"
"1","
   [660,]"
"1","  2.341082e-02"
"1","
   [661,]"
"1","  1.746532e-02"
"1","
   [662,]"
"1","  1.878164e-02"
"1","
   [663,]"
"1"," -1.242677e-02"
"1","
   [664,]"
"1"," -4.755064e-02"
"1","
   [665,]"
"1"," -1.651586e-03"
"1","
   [666,]"
"1"," -2.485859e-02"
"1","
   [667,]"
"1","  2.156322e-02"
"1","
   [668,]"
"1","  2.703074e-02"
"1","
   [669,]"
"1","  9.698142e-03"
"1","
   [670,]"
"1"," -3.019685e-03"
"1","
   [671,]"
"1"," -5.188478e-02"
"1","
   [672,]"
"1"," -7.159864e-03"
"1","
   [673,]"
"1","  1.667104e-02"
"1","
   [674,]"
"1","  6.055879e-02"
"1","
   [675,]"
"1","  5.641557e-02"
"1","
   [676,]"
"1"," -6.856502e-03"
"1","
   [677,]"
"1"," -3.562642e-02"
"1","
   [678,]"
"1","  1.768602e-03"
"1","
   [679,]"
"1","  7.065398e-03"
"1","
   [680,]"
"1"," -3.261894e-02"
"1","
   [681,]"
"1","  5.822673e-02"
"1","
   [682,]"
"1","  9.108059e-03"
"1","
   [683,]"
"1"," -1.521912e-03"
"1","
   [684,]"
"1","  1.905774e-02"
"1","
   [685,]"
"1"," -4.099704e-02"
"1","
   [686,]"
"1","  3.561201e-02"
"1","
   [687,]"
"1","  3.796477e-02"
"1","
   [688,]"
"1","  5.812851e-02"
"1","
   [689,]"
"1","  3.245358e-02"
"1","
   [690,]"
"1"," -1.262479e-02"
"1","
   [691,]"
"1","  2.699585e-02"
"1","
   [692,]"
"1"," -1.493350e-02"
"1","
   [693,]"
"1","  1.327568e-02"
"1","
   [694,]"
"1","  5.618155e-02"
"1","
   [695,]"
"1","  2.719234e-02"
"1","
   [696,]"
"1"," -5.015226e-03"
"1","
   [697,]"
"1"," -5.204424e-03"
"1","
   [698,]"
"1"," -3.283193e-02"
"1","
   [699,]"
"1"," -2.927302e-02"
"1","
   [700,]"
"1","  1.630483e-02"
"1","
   [701,]"
"1","  1.797133e-02"
"1","
   [702,]"
"1","  3.010625e-02"
"1","
   [703,]"
"1","  3.934533e-02"
"1","
   [704,]"
"1","  2.528363e-02"
"1","
   [705,]"
"1"," -7.683345e-03"
"1","
   [706,]"
"1"," -6.909485e-02"
"1","
   [707,]"
"1"," -2.398957e-02"
"1","
   [708,]"
"1","  4.359075e-02"
"1","
   [709,]"
"1","  2.310251e-02"
"1","
   [710,]"
"1","  1.753295e-03"
"1","
   [711,]"
"1","  1.103529e-01"
"1","
   [712,]"
"1","  2.232185e-02"
"1","
   [713,]"
"1"," -2.101339e-02"
"1","
   [714,]"
"1","  1.958508e-03"
"1","
   [715,]"
"1"," -1.349699e-02"
"1","
   [716,]"
"1","  3.033048e-02"
"1","
   [717,]"
"1","  4.600756e-02"
"1","
   [718,]"
"1"," -3.529293e-02"
"1","
   [719,]"
"1"," -3.827182e-02"
"1","
   [720,]"
"1","  1.318235e-02"
"1","
   [721,]"
"1","  4.874705e-03"
"1","
   [722,]"
"1","  1.635502e-02"
"1","
   [723,]"
"1"," -3.706243e-03"
"1","
   [724,]"
"1","  4.707961e-04"
"1","
   [725,]"
"1","  3.304352e-02"
"1","
   [726,]"
"1"," -6.796449e-03"
"1","
   [727,]"
"1"," -4.815250e-02"
"1","
   [728,]"
"1"," -1.768239e-02"
"1","
   [729,]"
"1","  3.830820e-02"
"1","
   [730,]"
"1"," -3.932149e-02"
"1","
   [731,]"
"1"," -1.211168e-02"
"1","
   [732,]"
"1","  1.663958e-02"
"1","
   [733,]"
"1"," -1.626153e-02"
"1","
   [734,]"
"1","  4.403570e-03"
"1","
   [735,]"
"1"," -1.571894e-02"
"1","
   [736,]"
"1","  2.820369e-03"
"1","
   [737,]"
"1"," -1.531114e-02"
"1","
   [738,]"
"1"," -2.141955e-02"
"1","
   [739,]"
"1","  4.520534e-03"
"1","
   [740,]"
"1","  6.497718e-03"
"1","
   [741,]"
"1"," -1.402107e-03"
"1","
   [742,]"
"1","  1.051272e-02"
"1","
   [743,]"
"1"," -6.182110e-03"
"1","
   [744,]"
"1","  3.003834e-02"
"1","
   [745,]"
"1","  1.113655e-02"
"1","
   [746,]"
"1"," -3.129079e-02"
"1","
   [747,]"
"1","  7.807858e-02"
"1","
   [748,]"
"1","  2.650957e-02"
"1","
   [749,]"
"1"," -5.857525e-03"
"1","
   [750,]"
"1","  2.682901e-02"
"1","
   [751,]"
"1","  5.220586e-02"
"1","
   [752,]"
"1","  6.380186e-03"
"1","
   [753,]"
"1","  2.574093e-02"
"1","
   [754,]"
"1","  3.327848e-02"
"1","
   [755,]"
"1"," -2.679021e-02"
"1","
   [756,]"
"1","  1.384457e-02"
"1","
   [757,]"
"1","  3.523034e-02"
"1","
   [758,]"
"1"," -7.811350e-03"
"1","
   [759,]"
"1"," -1.418400e-03"
"1","
   [760,]"
"1"," -2.310710e-02"
"1","
   [761,]"
"1"," -9.496992e-04"
"1","
   [762,]"
"1"," -1.154485e-02"
"1","
   [763,]"
"1","  1.427481e-02"
"1","
   [764,]"
"1"," -1.500263e-02"
"1","
   [765,]"
"1","  3.007963e-02"
"1","
   [766,]"
"1","  1.807859e-03"
"1","
   [767,]"
"1"," -3.541050e-02"
"1","
   [768,]"
"1"," -5.702533e-04"
"1","
   [769,]"
"1"," -2.732781e-02"
"1","
   [770,]"
"1","  2.070614e-02"
"1","
   [771,]"
"1","  3.403332e-02"
"1","
   [772,]"
"1","  2.600391e-02"
"1","
   [773,]"
"1","  1.816464e-02"
"1","
   [774,]"
"1"," -3.572811e-02"
"1","
   [775,]"
"1","  3.159968e-02"
"1","
   [776,]"
"1"," -2.194890e-02"
"1","
   [777,]"
"1"," -1.591410e-02"
"1","
   [778,]"
"1","  7.322655e-02"
"1","
   [779,]"
"1"," -9.983759e-03"
"1","
   [780,]"
"1","  9.163918e-03"
"1","
   [781,]"
"1","  3.236463e-02"
"1","
   [782,]"
"1","  4.832523e-02"
"1","
   [783,]"
"1"," -9.709445e-03"
"1","
   [784,]"
"1"," -1.986930e-02"
"1","
   [785,]"
"1","  2.431456e-03"
"1","
   [786,]"
"1","  1.191038e-02"
"1","
   [787,]"
"1","  6.605899e-02"
"1","
   [788,]"
"1"," -2.564291e-02"
"1","
   [789,]"
"1","  9.612803e-03"
"1","
   [790,]"
"1"," -2.018881e-02"
"1","
   [791,]"
"1","  3.536501e-02"
"1","
   [792,]"
"1"," -2.541634e-03"
"1","
   [793,]"
"1","  1.314003e-02"
"1","
   [794,]"
"1"," -1.950276e-02"
"1","
   [795,]"
"1","  5.399797e-02"
"1","
   [796,]"
"1"," -3.385849e-02"
"1","
   [797,]"
"1","  3.513813e-02"
"1","
   [798,]"
"1","  7.616571e-02"
"1","
   [799,]"
"1"," -7.277232e-02"
"1","
   [800,]"
"1","  2.954475e-03"
"1","
   [801,]"
"1","  1.750007e-02"
"1","
   [802,]"
"1"," -3.531622e-02"
"1","
   [803,]"
"1","  1.815244e-02"
"1","
   [804,]"
"1","  3.808441e-02"
"1","
   [805,]"
"1","  2.300543e-02"
"1","
   [806,]"
"1"," -2.221136e-02"
"1","
   [807,]"
"1","  2.623796e-02"
"1","
   [808,]"
"1"," -4.370381e-02"
"1","
   [809,]"
"1"," -1.972578e-02"
"1","
   [810,]"
"1","  4.581500e-02"
"1","
   [811,]"
"1"," -4.211144e-02"
"1","
   [812,]"
"1","  3.064646e-02"
"1","
   [813,]"
"1"," -2.313357e-02"
"1","
   [814,]"
"1"," -3.866509e-02"
"1","
   [815,]"
"1","  2.540631e-02"
"1","
   [816,]"
"1"," -8.411317e-03"
"1","
   [817,]"
"1"," -5.680474e-02"
"1","
   [818,]"
"1"," -3.308754e-03"
"1","
   [819,]"
"1","  1.255216e-02"
"1","
   [820,]"
"1","  1.070427e-02"
"1","
   [821,]"
"1","  3.675325e-02"
"1","
   [822,]"
"1"," -2.617343e-02"
"1","
   [823,]"
"1","  1.473285e-02"
"1","
   [824,]"
"1"," -2.084386e-03"
"1","
   [825,]"
"1","  2.827161e-02"
"1","
   [826,]"
"1"," -7.032397e-03"
"1","
   [827,]"
"1"," -2.140945e-02"
"1","
   [828,]"
"1"," -2.280495e-02"
"1","
   [829,]"
"1"," -6.929076e-02"
"1","
   [830,]"
"1"," -2.062473e-02"
"1","
   [831,]"
"1"," -2.467842e-02"
"1","
   [832,]"
"1"," -7.305802e-03"
"1","
   [833,]"
"1"," -4.080945e-02"
"1","
   [834,]"
"1","  1.624474e-02"
"1","
   [835,]"
"1","  1.890066e-02"
"1","
   [836,]"
"1","  3.469385e-05"
"1","
   [837,]"
"1","  5.476962e-02"
"1","
   [838,]"
"1","  3.480263e-02"
"1","
   [839,]"
"1"," -5.847312e-03"
"1","
   [840,]"
"1"," -2.357430e-02"
"1","
   [841,]"
"1"," -5.281703e-02"
"1","
   [842,]"
"1","  2.593455e-02"
"1","
   [843,]"
"1"," -1.407827e-02"
"1","
   [844,]"
"1"," -9.227267e-02"
"1","
   [845,]"
"1","  2.056999e-02"
"1","
   [846,]"
"1","  9.211381e-03"
"1","
   [847,]"
"1","  6.680430e-02"
"1","
   [848,]"
"1","  1.519277e-02"
"1","
   [849,]"
"1","  7.789443e-03"
"1","
   [850,]"
"1","  4.720317e-02"
"1","
   [851,]"
"1"," -4.896462e-02"
"1","
   [852,]"
"1"," -2.176993e-02"
"1","
   [853,]"
"1"," -7.976029e-03"
"1","
   [854,]"
"1"," -2.899882e-02"
"1","
   [855,]"
"1"," -4.991402e-03"
"1","
   [856,]"
"1","  5.446687e-02"
"1","
   [857,]"
"1"," -3.928126e-02"
"1","
   [858,]"
"1"," -4.690294e-06"
"1","
   [859,]"
"1"," -2.650209e-02"
"1","
   [860,]"
"1"," -3.383306e-02"
"1","
   [861,]"
"1","  3.215616e-02"
"1","
   [862,]"
"1","  2.129948e-02"
"1","
   [863,]"
"1"," -2.334199e-02"
"1","
   [864,]"
"1","  1.260810e-02"
"1","
   [865,]"
"1","  5.552699e-02"
"1","
   [866,]"
"1","  5.543614e-02"
"1","
   [867,]"
"1"," -3.439488e-02"
"1","
   [868,]"
"1","  1.410122e-02"
"1","
   [869,]"
"1"," -6.425941e-02"
"1","
   [870,]"
"1"," -2.346717e-02"
"1","
   [871,]"
"1"," -1.984895e-02"
"1","
   [872,]"
"1"," -7.034671e-03"
"1","
   [873,]"
"1","  1.143799e-02"
"1","
   [874,]"
"1","  2.526033e-02"
"1","
   [875,]"
"1","  2.833962e-02"
"1","
   [876,]"
"1","  1.168225e-02"
"1","
   [877,]"
"1"," -3.639016e-02"
"1","
   [878,]"
"1","  2.748997e-02"
"1","
   [879,]"
"1","  4.644387e-02"
"1","
   [880,]"
"1"," -1.481650e-02"
"1","
   [881,]"
"1"," -3.208570e-02"
"1","
   [882,]"
"1"," -2.296148e-02"
"1","
   [883,]"
"1","  4.566316e-02"
"1","
   [884,]"
"1","  8.996736e-03"
"1","
   [885,]"
"1","  8.899682e-02"
"1","
   [886,]"
"1"," -3.443328e-02"
"1","
   [887,]"
"1","  5.985992e-05"
"1","
   [888,]"
"1","  5.484655e-02"
"1","
   [889,]"
"1"," -1.075032e-02"
"1","
   [890,]"
"1","  1.858804e-02"
"1","
   [891,]"
"1"," -3.575605e-02"
"1","
   [892,]"
"1"," -2.785347e-02"
"1","
   [893,]"
"1"," -2.289754e-02"
"1","
   [894,]"
"1","  4.260830e-02"
"1","
   [895,]"
"1","  1.630442e-02"
"1","
   [896,]"
"1"," -2.475807e-02"
"1","
   [897,]"
"1","  2.520285e-03"
"1","
   [898,]"
"1","  4.618911e-02"
"1","
   [899,]"
"1","  3.534367e-02"
"1","
   [900,]"
"1"," -7.221851e-03"
"1","
   [901,]"
"1"," -3.035274e-02"
"1","
   [902,]"
"1","  2.779483e-02"
"1","
   [903,]"
"1","  2.137804e-02"
"1","
   [904,]"
"1","  3.297072e-02"
"1","
   [905,]"
"1","  2.820976e-02"
"1","
   [906,]"
"1","  3.849348e-02"
"1","
   [907,]"
"1","  1.070614e-03"
"1","
   [908,]"
"1"," -8.835811e-03"
"1","
   [909,]"
"1"," -3.359015e-02"
"1","
   [910,]"
"1"," -3.994293e-02"
"1","
   [911,]"
"1","  6.823615e-02"
"1","
   [912,]"
"1","  1.632532e-02"
"1","
   [913,]"
"1"," -7.013671e-02"
"1","
   [914,]"
"1"," -3.514034e-02"
"1","
   [915,]"
"1","  9.563635e-04"
"1","
   [916,]"
"1"," -1.231154e-02"
"1","
   [917,]"
"1","  4.937007e-02"
"1","
   [918,]"
"1","  6.761383e-03"
"1","
   [919,]"
"1","  8.181691e-03"
"1","
   [920,]"
"1"," -2.700340e-02"
"1","
   [921,]"
"1","  1.032270e-02"
"1","
   [922,]"
"1","  6.684276e-03"
"1","
   [923,]"
"1"," -2.054056e-02"
"1","
   [924,]"
"1","  1.484804e-03"
"1","
   [925,]"
"1","  3.966680e-02"
"1","
   [926,]"
"1"," -1.489484e-03"
"1","
   [927,]"
"1","  6.241552e-03"
"1","
   [928,]"
"1"," -4.381883e-02"
"1","
   [929,]"
"1"," -5.045899e-02"
"1","
   [930,]"
"1","  6.202793e-03"
"1","
   [931,]"
"1","  1.921478e-02"
"1","
   [932,]"
"1"," -3.769660e-02"
"1","
   [933,]"
"1"," -1.010675e-02"
"1","
   [934,]"
"1","  9.666817e-04"
"1","
   [935,]"
"1"," -1.133198e-02"
"1","
   [936,]"
"1","  1.862400e-02"
"1","
   [937,]"
"1"," -1.297443e-03"
"1","
   [938,]"
"1"," -1.485759e-02"
"1","
   [939,]"
"1","  6.813016e-02"
"1","
   [940,]"
"1"," -2.519754e-02"
"1","
   [941,]"
"1"," -4.652378e-02"
"1","
   [942,]"
"1","  1.406895e-02"
"1","
   [943,]"
"1","  3.351116e-02"
"1","
   [944,]"
"1"," -3.403407e-02"
"1","
   [945,]"
"1","  5.822474e-02"
"1","
   [946,]"
"1","  1.854317e-02"
"1","
   [947,]"
"1"," -8.623074e-03"
"1","
   [948,]"
"1","  6.115472e-02"
"1","
   [949,]"
"1"," -5.309010e-02"
"1","
   [950,]"
"1"," -1.187550e-02"
"1","
   [951,]"
"1"," -1.079591e-02"
"1","
   [952,]"
"1","  1.826123e-03"
"1","
   [953,]"
"1"," -2.683099e-02"
"1","
   [954,]"
"1"," -2.798487e-02"
"1","
   [955,]"
"1"," -1.241022e-02"
"1","
   [956,]"
"1","  2.777007e-02"
"1","
   [957,]"
"1"," -3.136382e-02"
"1","
   [958,]"
"1"," -3.188150e-02"
"1","
   [959,]"
"1"," -5.393326e-02"
"1","
   [960,]"
"1","  6.911459e-02"
"1","
   [961,]"
"1","  2.743740e-02"
"1","
   [962,]"
"1","  3.619420e-02"
"1","
   [963,]"
"1"," -1.496750e-02"
"1","
   [964,]"
"1"," -1.535102e-02"
"1","
   [965,]"
"1","  3.613603e-02"
"1","
   [966,]"
"1"," -4.626814e-02"
"1","
   [967,]"
"1","  3.418747e-02"
"1","
   [968,]"
"1"," -2.094629e-03"
"1","
   [969,]"
"1"," -1.012502e-01"
"1","
   [970,]"
"1","  1.502633e-02"
"1","
   [971,]"
"1"," -2.319187e-02"
"1","
   [972,]"
"1"," -5.485149e-02"
"1","
   [973,]"
"1","  5.446673e-02"
"1","
   [974,]"
"1"," -2.057325e-02"
"1","
   [975,]"
"1"," -3.114628e-02"
"1","
   [976,]"
"1"," -4.725273e-02"
"1","
   [977,]"
"1","  6.558382e-03"
"1","
   [978,]"
"1"," -5.206674e-02"
"1","
   [979,]"
"1"," -4.098288e-02"
"1","
   [980,]"
"1","  1.500519e-02"
"1","
   [981,]"
"1","  8.784641e-03"
"1","
   [982,]"
"1"," -3.880111e-03"
"1","
   [983,]"
"1","  4.062133e-02"
"1","
   [984,]"
"1","  2.976111e-03"
"1","
   [985,]"
"1","  4.115303e-02"
"1","
   [986,]"
"1"," -3.245138e-02"
"1","
   [987,]"
"1","  5.380269e-03"
"1","
   [988,]"
"1"," -2.312822e-02"
"1","
   [989,]"
"1","  1.131333e-02"
"1","
   [990,]"
"1"," -1.682462e-02"
"1","
   [991,]"
"1"," -4.295636e-03"
"1","
   [992,]"
"1","  1.171702e-02"
"1","
   [993,]"
"1"," -3.404606e-03"
"1","
   [994,]"
"1","  5.444303e-03"
"1","
   [995,]"
"1","  4.768997e-02"
"1","
   [996,]"
"1"," -2.605452e-02"
"1","
   [997,]"
"1","  3.321963e-02"
"1","
   [998,]"
"1","  3.658822e-02"
"1","
   [999,]"
"1"," -7.507824e-03"
"1","
  [1000,]"
"1","  2.034028e-02"
"1","
"
"1"," [ osiągnięto getOption(""max.print"") -- pominięto 949000 wierszy]
"
